"Yeezy Boost 350 V2 “Citrin” ",$269.00
"Yeezy 500 “Bone White” ",$275.00
"Yeezy Boost 700 V2 “Geode” ",$299.00
"Yeezy Boost 700 “Inertia” ",$329.00
"Yeezy Boost 700 V2 “Tephra” ",$329.00
"Yeezy Boost 350 V2 “Citrin - Reflective” ",$420.00
"Yeezy Boost 350 V2 “Synth Non-Reflective” ",$245.00
"Solar Hu “Human Made - Love” ",$195.00
"Yeezy Boost 350 V2 “Cloud White - Reflective” ",$670.00
"Yeezy Boost 350 V2 “Black - Static” ",$385.00
"Superstar “White/Black/Gold” ",$60.00
"Yeezy Boost 350 V2 “Lundmark - Non Reflective” ",$249.00
"ULTRABOOST ",$139.00
"NMD_R1 ",$95.00
"Yeezy Boost 700 V2 “Vanta” ",$360.00
"Yeezy Boost 350 V2 “Static - Non-reflective” ",$400.00
"Yeezy Boost 700 “Utility Black” ",$349.00
"UltraBOOST ",$139.00
"Ultraboost 19 “Triple Black” ",$149.00
"UltraBOOST ",$139.00
"UltraBOOST “Orca” ",$155.00
"Pharrell Williams Solar HU NMD “Solar Pack ""MOTH3R""” ",$195.00
"NMD R1 ",$99.00
"Yung 1 “Cloud White” ",$60.00
"Handball Spezial “St. Patrick's Day” ",$79.00
"Yeezy Boost 350 V2 Reflective “Black - Static” ",$1,800.00
"Ultra Boost “Miami Hurricanes” ",$105.00
"Nite Jogger ",$100.00
"Superstar J ",$59.00
"UltraBOOST CTY ",$155.00
"Yeezy Boost 350 V2 “Glow in the Dark” ",$649.00
"NMD_R1 ",$110.00
"Nite Jogger ",$100.00
"Superstar Foundation ",$60.00
"NMD R1 PK “Triple White Primeknit” ",$129.00
"Yeezy Boost 350 V2 Kids “Black” ",$205.00
"Harden Vol. 3 ",$95.00
"Pharrell Williams Solar HU NMD “Solar Pack ""M1L3L3""” ",$215.00
"NMD_R1 ",$110.00
"Superstar ",$60.00
"Ultraboost UNDFTD “Undefeated” ",$135.00
"Samoa ",$39.00
"NMD_R1 Color ",$165.00
"Yeezy Boost 700 V2 “Static” ",$615.00
"I-5923 NBHD ",$70.00
"Yeezy Boost 350 V2 “Antlia” ",$295.00
"Crazy BYW Lo AMM “A Ma Maniére” ",$99.00
"SUPERSTAR ",$60.00
"Falcon W ",$79.00
"NMD_R1 ",$155.00
"Samba OG FT ",$59.00
"UltraBOOST Uncaged ",$115.00
"NMD_CS2 PK ",$110.00
"Harden Vol. 3 ",$229.00
"Rising Star X R1 “Never Made Pack” ",$79.00
"RS Peach Stan ",$175.00
"Stan Smith ",$69.00
"Harden Vol. 3 ",$80.00
"Alphabounce Beyond 2 M ",$79.00
"Continental 80 ",$60.00
"Nmd R2 ",$60.00
"UltraBOOST w ",$155.00
"PW Human Race NMD TR ",$235.00
"NMD_R1 “Raw Amber” ",$100.00
"Alphaedge 4D M ",$325.00
"I-5923 ",$79.00
"Ultra Boost Bape “1st Camo Black” ",$335.00
"Yeezy Boost 700 V2 Infant “Vanta” ",$240.00
"NMD_R1 PK ",$299.00
"NMD_R1 ",$70.00
"EQT 91/18 Packer ",$145.00
"Samba Classic “White/Black” ",$50.00
"NMD Hu “Pharrell - Holi - Black/Purple” ",$359.00
"PW Human Race NMD TR “Sun Glow” ",$299.00
"Palace Indoor ",$89.00
"PW Solar HU NMD “Inspiration Pack - Black” ",$255.00
"Gazelle Super ",$60.00
"Tubular Runner ",$40.00
"NMD_R1 W ",$205.00
"Arkyn Naked ",$80.00
"Yeezy Boost 350 V2 Infants “Black” ",$279.00
"ZX 4000 4D ",$359.00
"PW Solar HU NMD “Inspiration Pack - Clear Sky” ",$255.00
"Ultraboost Uncaged ",$129.00
"NMD_R1 STLT PK ",$155.00
"NMD_R1 “Black Camo” ",$110.00
"NMD_Racer PK ",$125.00
"Adilette Aqua ",$25.00
"PW Human Race NMD TR ",$340.00
"UltraBoost 19 ",$109.00
"ZX 4000 4D “Grey” ",$360.00
"NMD R1 “Japan Black” ",$229.00
"Adilette Comfort ",$25.00
"NMD TS1 “Mita” ",$155.00
"PW HU Holi NMD MC “Pink Glow” ",$295.00
"Ultra Boost Bape “1st Camo Green” ",$289.00
"NMD_R1 “3 Stripes” ",$155.00
"NMD_R1 PK ",$110.00
"UltraBoost W ",$110.00
"UltraBOOST X GOT W “House Targaryen” ",$139.00
"UltraBOOST LTD ",$175.00
"EQT Support MID MMW ",$99.00
"Palace Indoor ",$110.00
"LXCON ",$109.00
"BW Army Oyster ",$95.00
"NMD_R1 PK “SASHIKO” ",$110.00
"I-5923 ",$100.00
"NMD_R2 PK ",$100.00
"SUPERSTAR FOUNDATION ",$60.00
"NMD_Racer PK ",$100.00
"Superstar ",$60.00
"I-5923 ",$79.00
"Iniki Runner W ",$80.00
"Stan Smith CF ",$69.00
"Tubular Shadow ",$60.00
"Tubular Runner ",$50.00
"NMD Hu “BBC - Heart and Mind” ",$245.00
"PW Solar Hu NMD “Inspiration Pack - White” ",$255.00
"Continenal 80 ",$60.00
"NMD_R1 W PK ",$80.00
"PW Solar Hu NMD “Inspiration Pack - Powder Blue” ",$200.00
"NMD_R2 PK ",$180.00
"NMD R1 “Gradient” ",$205.00
"Ultra BOOST ",$175.00
"NMD_R1 PK W ",$265.00
"Ultraboost ",$155.00
"NMD_R1 “Invincible x Neighborhood” ",$410.00
"UltraBOOST m “Glow Blue” ",$175.00
"UltraBOOST LTD ",$205.00
"Alphaedge 4D W ",$259.00
"NMD Runner PK ",$250.00
"NMD_R1 J ",$155.00
"NMD_R2 S.E. ",$165.00
"UltraBOOST S.E. “SNS x Social Status” ",$135.00
"NMD_R1 W ",$125.00
"City Cup ",$89.00
"UltraBOOST J “BLACK PINK” ",$110.00
"NMD_R1 STLT PK ",$180.00
"UltraBOOST LTD ",$110.00
"EQT Support Ultra MMW ",$95.00
"NMD_R1 Logo ",$160.00
"NMD_R1_ STLT Parley PK ",$155.00
"NMD R1 W “Sun Glow” ",$70.00
"UltraBoost ",$195.00
"Superstar 80s City Series “City Series - New York” ",$105.00
"Pod- S3.1 Slam Jam ",$100.00
"City Cup ",$60.00
"Superstar Foundation ",$60.00
"Stan Smith ",$69.00
"CITY CUP ",$80.00
"SUPERSTAR FOUNDATION J ",$59.00
"Harden Vol. 3 ",$80.00
"NMD_R1 ",$80.00
"NMD_R1 ",$95.00
"UltraBOOST J ",$90.00
"Campus Porter ",$70.00
"3mc X Evisen ",$70.00
"UltraBOOST All Terrain LTD ",$145.00
"ZX 4000 4D “Black Onix” ",$370.00
"Yeezy Boost 350 V2 GID Kids “Glow in the Dark” ",$460.00
"NMD Hu “BBC x Pharrell - Plaid Pack - Green” ",$339.00
"Yeezy Boost 350 V2 GID Infant “Glow in the Dark” ",$360.00
"Yeezy Boost 350 V2 Reflective “Lundmark” ",$759.00
"Ultra Boost Mid Kith “Aspen” ",$255.00
"NMD_TS1 STLT “Bape x Neighborhood” ",$335.00
"PW Human Race NMD ",$510.00
"NMD_R1 ",$129.00
"UltraBOOST CNY “Eddie Huang - Chinese New Year” ",$175.00
"Ultraboost ",$335.00
"NMD R1 ",$170.00
"NMD R1 W ",$139.00
"Ultra Boost W ",$305.00
"NMD_R1 W ",$160.00
"Solar HU Glide M ",$385.00
"NMD_R1 ",$195.00
"NMD_R1 PK ",$220.00
"Tubular Doom Sock PK ",$190.00
"UltraBOOST Uncaged ",$200.00
"Ultraboost ",$205.00
"NMD_C2 ",$110.00
"UltraBOOST ",$205.00
"Ultraboost Clima ",$175.00
"Ultra Boost MID “RUN THRU TIME” ",$100.00
"UltraBoost ",$155.00
"Adidas I-5923 ",$125.00
"Ace 17+ Kith TR ",$125.00
"NMD_R2 Summer ",$125.00
"NMD_R1 W ",$180.00
"Crazy BYW LVL x PW “Pharrell - White” ",$160.00
"Ultra Boost 2019 ",$145.00
"Tyshawn ",$145.00
"Missoni x UltraBoost Clima ",$165.00
"NMD_R1 W PK ",$80.00
"EQT Support 93/17 ",$90.00
"NMD R1 STLT PK W ",$160.00
"UltraBOOST LTD ",$125.00
"Palace Pro ",$155.00
"UltraBOOST ",$155.00
"UltraBoost ",$185.00
"EQT Support ADV ",$100.00
"Pro Model J ",$79.00
"Crazy BYW LVL X PW “Gratitude + Empathy” ",$155.00
"NMD_R1 PK ",$139.00
"NMD_R1 PK ",$125.00
"Yung - 1 ",$99.00
"Yung-96 ",$70.00
"Prophere ",$105.00
"Continental 80 ",$69.00
"Nite Jogger W “Trace Pink” ",$110.00
"Ultra Boost 2019 ",$125.00
"UltraBoost Laceless ",$115.00
"PW Tennis HU W ",$50.00
"UltraBOOST ",$129.00
"NMD_R2 PK W ",$60.00
"NMD R1 PK ",$89.00
"EQT Support ADV ",$100.00
"UltraBoost Laceless ",$105.00
"Iniki Runner ",$80.00
"Continental 80 J ",$59.00
"PureBoost GO J ",$100.00
"EQT Support Ultra PK “Pusha T - Grayscale” ",$90.00
"RS Samba Adilette ",$80.00
"NMD R1 ",$110.00
"NMD R1 STLT PK ",$80.00
"Ultra BOOST “Legend Marine” ",$160.00
"Rivalry RM EE “Eric Emanuel” ",$115.00
"SUPERSTAR ",$60.00
"Crazy 8 ADV (ASW) ",$70.00
"Continental 80 ",$60.00
"NMD_R1 “Legend Purple” ",$89.00
"PW HU Holi Tennis HU “Pharrell Williams” ",$40.00
"Superstar Vintage ",$695.00
"POD-S3.1 ",$80.00
"Gazelle PK Juice ",$230.00
"PW Tennis HU “Pharrell Williams Human Race” ",$60.00
"3MC ",$60.00
"Pro Model ",$60.00
"Wmns CAMPUS ",$50.00
"Samoa ",$59.00
"Ultra Boost OG Packer ",$460.00
"PW Human Race NMD TR “N.E.R.D” ",$2,650.00
"PW Human Race NMD ",$1,185.00
"PW Human Race NMD ",$619.00
"Adilette Aqua ",$25.00
"PW Human Race NMD “PHARRELL” ",$1,849.00
"Yeezy Boost 350 V2 Reflective “Synth - Reflective ” ",$1,440.00
"PW Human Race NMD TR ",$385.00
"Y-3 Runner 4D 2 ",$1,025.00
"Pharrell Williams Solar HU NMD “Solar Pack ""3MPOW3R""” ",$325.00
"PW Human Race NMD “Red” ",$905.00
"PW HU Holi NMD MC “Youth” ",$619.00
"Copa 17.1 Kith UltraBoost ",$360.00
"AlphaEdge 4D ",$319.00
"JS Wings “Metallic Gold” ",$465.00
"Nite Jogger ",$205.00
"NMD_R1 “TRIPLE BLACK” ",$240.00
"NMD_R2 “Henry Poole” ",$259.00
"EQT Support Ultra CNY ",$90.00
"ZX 500 Restomod “Dragon Ball Z - Goku” ",$355.00
"PW Hu Holi NMD MC “Powder Dye” ",$279.00
"Ultraboost UNDFTD “Undefeated” ",$309.00
"NBHD Bape Pod S3.1 ",$380.00
"NMD_R1 “GLITCH CAMO” ",$195.00
"Ace 16+ Kith UltraBoost ",$319.00
"Ace 16+ Ultraboost “Core Black” ",$285.00
"WH NMD_R2 ",$70.00
"Superstar 80s Pioneers Pharrel ",$205.00
"NMD_R1 PK “Triple White” ",$385.00
"Ultra Tech ",$255.00
"RS Ozweego ",$305.00
"DB Accelerator TF “David Beckham” ",$289.00
"DB Accelerator TF “David Beckham” ","Notify Me"
"Ultraboost ",$249.00
"UltraBoost AKOG “A Kind of Guise” ",$285.00
"UltraBOOST ",$180.00
"AW Run ",$245.00
"NMD CS1 PK W ",$259.00
"PW Tennis HU ",$230.00
"NMD R1 “Triple Black Reflective” ",$259.00
"UltraBoost Womens ",$259.00
"AW Turnout Trainer ",$165.00
"Ultraboost “Breast Cancer Awareness” ","Notify Me"
"Crazy BYW LVL 1 “Pharrell Williams” ",$155.00
"NMD R1 ",$145.00
"UltraBOOST “BOOST 3.0” ",$185.00
"NMD_R2 PK W ",$235.00
"NMD_XR1 ",$309.00
"NMD_CS1 UA&SONS PK “United Arrows & Sons” ",$195.00
"Ultra Boost Uncaged Haven ",$205.00
"UltraBoost Uncaged LTD “Parley” ",$205.00
"UltraBOOST Reigning Champ Womens ",$155.00
"EQT Support Mid ADV PK “Shenron” ",$249.00
"NMD_R1 PK “Gum Pack” ",$160.00
"EQT Support Future Bait ",$119.00
"WH NMD_R2 ",$170.00
"Ultraboost Pride ",$190.00
"KAMANDA “Dragon Ball Z - Majin Buu” ",$309.00
"RS STAN SMITH ",$195.00
"Yung 1 “Dragon Ball Z - Frieza” ",$200.00
"Ultraboost ",$165.00
"UltraBOOST ",$150.00
"NMD Racer Juice ",$180.00
"Ultra Boost ",$220.00
"NMD R1 PK “Collegiate Red” ",$155.00
"NMD_R1 ",$165.00
"UltraBOOST W ",$259.00
"NMD_R1 ",$185.00
"UltraBOOST Kinfolk “Kinfolk” ",$155.00
"NMD_R1 J ",$200.00
"Iniki Runner ",$115.00
"NMD_R1 ",$145.00
"UltraBOOST CNY “CNY” ",$240.00
"UltraBOOST w ",$170.00
"UltraBOOST ",$255.00
"Yung-1 ",$119.00
"NMD_CS1 GTX PK ",$139.00
"NMD_XR1 PK ",$305.00
"UltraBOOST ",$210.00
"NMD_CS2 PK ",$129.00
"UltraBOOST Uncaged PARLEY ",$180.00
"UltraBOOST J ",$180.00
"WM NMD R2 PK ",$40.00
"NMD_R1 ",$165.00
"UltraBoost ",$145.00
"NMD R1 J ",$155.00
"UltraBOOST Uncaged ",$145.00
"Kamanda 01 NBHD “Neighborhood” ",$100.00
"I-5923 ",$100.00
"Energy Boost 3 Womens ",$129.00
"Iniki Runner ",$125.00
"Ultraboost ",$125.00
"Samba Pleasures “Pleasures x adidas ” ",$165.00
"X_PLR ",$139.00
"NMD_R1 ",$135.00
"NMD R1 “Carbon Cargo” ",$145.00
"Solar HU Glide W ",$129.00
"Quesence SOLEBOX ",$135.00
"Missoni x UltraBoost Clima ",$165.00
"Crazy BYW “Pharrell Williams - Chinese New Year” ",$135.00
"AW Bball Soccer ",$125.00
"I-5923 ",$110.00
"NMD_R1 PK ",$155.00
"NMD_R1 J ",$190.00
"NMD_R1 ",$155.00
"Continental Vulc J “Arizona Green Tea” ",$165.00
"NMD_R1 PK ",$145.00
"Solar Hu Glide M CNY ",$110.00
"NMD_R1 W ",$155.00
"UltraBoost Mid S.E. “Packer x Solebox” ",$185.00
"NMD_R1 ",$129.00
"NMD_R1 W ",$180.00
"NMD_R1 ",$135.00
"NMD_R1 ",$155.00
"NMD_R1 W ",$155.00
"X_PLR ",$95.00
"UltraBoost J ",$155.00
"NMD_XR1 PK ",$155.00
"Gazelle Super “Alltimers” ",$129.00
"Ultraboost x All Terrain L ",$155.00
"Busenitz Pure Boost PK ",$125.00
"UltraBOOST ",$129.00
"UltraBoost J ",$99.00
"NMD_R1 ",$90.00
"RS Peach Adilette ",$110.00
"EQT Support RF PK ",$135.00
"PureBOOST DPR Solebox ",$80.00
"NMD_R1 J ",$145.00
"UltraBOOST UNDFTD “Undefeated” ",$125.00
"Crazy BYW I EE “Eric Emanuel” ",$335.00
"Crazy 8 J ",$100.00
"UltraBOOST x All Terrain W ",$139.00
"NMD_R2 PK ",$90.00
"Powerphase ",$129.00
"UltraBOOST Uncaged J ",$205.00
"NMD_R2 ",$90.00
"X_PLR ",$119.00
"UltraBOOST Parley ",$145.00
"EQT Support ADV PK ",$105.00
"Tubular Instinct MMJ “Master Mind Japan” ",$205.00
"Adizero Adios UNDFTD “Undefeated” ",$100.00
"NMD_R2 ",$100.00
"EQT Support 91/18 “Beige” ",$110.00
"NMD_XR1 PK W ",$155.00
"Adizero Prime LTD ",$115.00
"DB Accelerator TF “David Beckham” ",$289.00
"UltraBOOST Uncaged M ",$259.00
"NMD_R1 PK ",$175.00
"UltraBOOST W ",$195.00
"Tubular Invader Strap ",$69.00
"Pharrell Williams Tennis HU ",$205.00
"3ST.002 PK ",$99.00
"PW Tennis HU C ",$25.00
"NMD_R1 ",$95.00
"Stan Smith MITA ",$135.00
"Attitude Hi ",$125.00
"Crazy BYW LVL x PW “Pharrell - White” ",$160.00
"Y3 Kozoko High ",$230.00
"LXCon “Black Market” ",$190.00
"Yung 96 ",$95.00
"NMD_C1 ",$155.00
"NMD_R1 W PK ",$175.00
"Alphabounce M Aramis ",$129.00
"Ultra Boost ST LTD ",$205.00
"Ultra BOOST m ",$220.00
"NMD_R1 PK ",$125.00
"EQT Support MID MMW “MASTERMIND” ",$100.00
"Superstar Boost S.E. ",$160.00
"Deerupt Runner ",$129.00
"Ultraboost ",$229.00
"Tubular Radial ",$100.00
"X_PLR ",$95.00
"Adidas Micropacer “Star Wars” ",$900.00
"NMD_R1 ",$259.00
"Yeezy Boost 350 V2 Reflective “Antlia” ",$1,029.00
"Adilette Comfort ",$25.00
"NMD_R2 PK W ",$110.00
"Stan Smith PK ",$80.00
"NMD_R1 ",$135.00
"UltraBOOST M “UCLA Bruins” ",$135.00
"FutureCraft 4D “Friends & Family” ",$2,319.00
"Ultra Boost M “Solar Yellow” ",$409.00
"NMD_R1 PK ",$255.00
"NMD R1 ",$129.00
"Superstar 1 Express ",$695.00
"ZX Flux ",$70.00
"X_PLR ",$80.00
"Harden Vol. 1 PK ",$180.00
"Adidas Superstar J ",$60.00
"Ultra Boost OG Packer ",$460.00
"Continental 80 “Silver Metallic” ",$69.00
"Continental 80 I ",$50.00
"NMD_R1 W ",$185.00
"EQT Support Adv ","Notify Me"
"Tubular Doom Pk ",$205.00
"UltraBoost w ",$169.00
"Iniki Runner ",$115.00
"Tubular Nova PK ",$100.00
"Jabbar HI “K. Abdul Jabbar” ",$180.00
"Crazy BYW Pharrell Williams “Ambition” ",$1,030.00
"ClimaCool 1 ",$69.00
"Y-3 Kyujo Low ",$230.00
"NMD_R1 ",$195.00
"Forum Mid (VIBE) “VIBE MAGAZINE 15TH ANNIVERSARY” ",$230.00
"Pro Model ",$80.00
"Ultra Boost LTD “Glow in the Dark” ",$185.00
"Campus ADV ",$80.00
"Tubular Nova PK ",$90.00
"NMD_CS1 PK ",$230.00
"Tubular Runner ",$70.00
"Prophere UNDFTD “Undefeated - Camo” ",$125.00
"Ultraboost M ",$269.00
"NMD_XR1 PK W ",$110.00
"Nemeziz Tango 17.1 TR ",$180.00
"NMD R1 ",$170.00
"Superstar 80s CNY “CHINESE NEW YEAR” ",$155.00
"Swift Run ",$139.00
"ADO Terrex Agravic ",$129.00
"NMD_R1 ",$155.00
"Falcon Workshop ",$100.00
"Palace Pro ",$155.00
"ZX 4000 4D ",$359.00
"Alphabounce Beyond 2 M ",$80.00
"Continental 80 ",$50.00
"Stan Smith ",$90.00
"NMD_R1 W ",$309.00
"NMD_R1 ",$259.00
"Palace Pro ",$125.00
"Ultra Boost M ",$309.00
"UltraBoost LTD ",$220.00
"Superstar 80s PK ",$60.00
"Gazelle ",$129.00
"UltraBoost Laceless ",$105.00
"Samoa ",$59.00
"I-5923 W ",$99.00
"Pharrell Williams Solar HU NMD “Solar Pack ""MOTH3R""” ",$195.00
"EQT Support ADV ",$60.00
"Continental 80 ",$60.00
"UltraBoost W ",$110.00
"Yeezy Boost 700 V2 Infant “Vanta” ",$240.00
"Americana Low “Beastie Boys” ",$619.00
"PW Tennis HU J ",$50.00
"Missoni x UltraBoost Clima ",$129.00
"NMD_R1 STLT PK ",$125.00
"NMD_R1 PK ",$145.00
"NMD_R1 ",$279.00
"EQT Support Ultra PK King Push ",$90.00
"Ultra boost “Night's Watch” ",$125.00
"NMD_XR1 W ",$170.00
"NMD_R1 W ",$89.00
"EQT Bask ADV NBHD “NBHD x BBC X ADIDAS” ",$220.00
"AlphaEdge 4D ",$345.00
"NMD_R1 ",$139.00
"PW Human Race NMD TR “Blank Canvas” ",$439.00
"UltraBOOST Parley ",$155.00
"Ultraboost LTD “Lady Liberty” ",$129.00
"Continental 80 “AriZona Iced Tea” ",$360.00
"Stan Smith MITA ",$135.00
"Supstar 80s ",$60.00
"NMD_R1 ",$180.00
"UltraBoost LTD ",$185.00
"UltraBOOST Reigning Champ ",$195.00
"UltraBOOST Parley m ",$155.00
"Falcon W ",$109.00
"NMD_R1 ",$130.00
"Powerphase ",$90.00
"UltraBOOST Uncaged ",$110.00
"POD-S3.1 ",$89.00
"Ace 17+ Purecontrol UltraBoost “Snow Camo” ",$465.00
"UltraBOOST Laceless ",$119.00
"Crazy 8 J ",$59.00
"EQT Support MID MMW “MASTERMIND” ",$100.00
"UltraBOOST Uncaged J ",$110.00
"NMD_R2 PK ",$119.00
"NMD_R2 ",$80.00
"X_PLR ",$89.00
"NMD_CS2 PK ",$149.00
"RS Ozweego ",$360.00
"Stan Smith Boost NBHD ",$60.00
"CONSORTIUM RUNNER 4D ",$805.00
"RS Stan Smith “RS Stan Smith” ",$309.00
"NMD_CS2 PK S.E. ",$190.00
"NMD_R1 “3 Stripes” ",$429.00
"Ultra Boost Uncaged Solebox ",$675.00
"PW Hu NMD NERD “N.E.R.D” ",$619.00
"Women’s Ultra Boost ",$145.00
"Yeezy Boost 350 V2 Reflective “Antlia” ",$1,029.00
"PW Hu NMD NERD “ComplexCon Exclusive 2018” ",$645.00
"Yung-1 “Arizona - Iced Tea” ",$200.00
"Continental 80 “ARIZONA GREEN TEA” ",$350.00
"Yung-1 “ARIZONA” ",$410.00
"PW HU Holi NMD MC “Passion” ",$569.00
"NMD_R1 PK ",$335.00
"Y-3 Qasa High “Dark Blue” ",$259.00
"NMD_R1 PK ",$309.00
"NMD_CS1 PK TGWO ",$385.00
"I-5932 NBHD ",$335.00
"UltraBOOST ",$249.00
"NMD_XR1 TR Titolo ",$180.00
"AW Wangbody Run “Alexander Wang” ",$170.00
"NMD_XR1 W ",$205.00
"NMD Hu “BBC - Heart and Mind - Pink/Blue” ",$410.00
"NMD_R1 PK “Datamosh” ",$125.00
"POD-S3.1 ",$129.00
"Ultra BOOST m ",$220.00
"NMD_R1 ",$110.00
"Response TR Kith “Aspen” ",$275.00
"NMD_R1 PK ",$170.00
"NMD R1 ",$105.00
"UltraBoost Uncaged M ",$175.00
"UltraBOOST LTD ",$190.00
"WM NMD City Sock ",$235.00
"NMD_XR1 ",$180.00
"NMD_R1 W ",$220.00
"AM4NYC “Tech Ink” ",$305.00
"Prophere UNDFTD “Undefeated - Camo” ",$125.00
"Falcon W ",$129.00
"Continental 80 “Donald Glover” ",$175.00
"NMD_XR1 ",$230.00
"Ultra Boost Uncaged ",$149.00
"ACE 16+ Purecontrol Ultra Boos ",$249.00
"RS Ozweego ",$359.00
"WM EQT Support Future ",$215.00
"NMD_R1 PK ",$175.00
"ultraBOOST j ",$225.00
"NMD_CS1 PK ",$259.00
"UltraBOOST ",$155.00
"NMD_R1 “EU Exclusive” ",$200.00
"UltraBOOST “Triple Black 3.0” ",$205.00
"NMD_R1 W PK ",$125.00
"Iniki Runner S.E. “END. x Bodega” ",$145.00
"NMD_R1 W ",$155.00
"NMD_XR1 PK ",$170.00
"Ultra Boost E.G “Engineered Garments” ",$145.00
"UltraBoost “Black Multicolor” ",$205.00
"PureBOOST DPR LTD ",$155.00
"GR Copa Super ",$155.00
"NMD_R1 PK ",$155.00
"Raf Simons Detroit Runner High ",$340.00
"UltraBoost ",$145.00
"EQT Support 93/17 ",$105.00
"NMD_R2 PK W ",$235.00
"NMD_R1 W PK ",$80.00
"NMD_XR1 Winter ",$110.00
"Stan Smith W ",$80.00
"PW Hu NMD NERD “N.E.R.D” ",$619.00
"NMD_XR1 ",$145.00
"EQT 1/3 F15 AthL ",$309.00
"Crazy BYW LVL X PW “Gratitude + Empathy” ",$155.00
"DB Accelerator TF “David Beckham” ",$289.00
"Ultra Boost Bape “1st Camo Green” ",$289.00
"Ultraboost LTD “Lady Liberty” ",$129.00
"Ultra Boost “Miami Hurricanes” ",$105.00
"Yeezy Boost 700 “Utility Black” ",$349.00
"X_PLR ",$129.00
"Ultraboost 1.0 ",$230.00
"UltraBOOST ",$150.00
"NMD_C1 Porter ",$160.00
"NMD_R2 PK ",$180.00
"NMD_R2 CNY ",$245.00
"NMD_R1 STLT PK ",$180.00
"Falcon W ",$109.00
"Continental 80 ",$70.00
"NMD_R1 PK NYC “Red Apple” ",$1,289.00
"NMD_R1 ",$205.00
"ZX930xEQT ",$89.00
"Alphabounce M Aramis ",$129.00
"Nite Jogger ",$205.00
"NMD_R1 ",$200.00
"NMD R1 “Japan Black” ",$229.00
"NMD_R1 PK ",$175.00
"NMD R1 PK “Triple White Primeknit” ",$129.00
"UltraBOOST LTD ",$269.00
"NMD R1 ",$145.00
"PDS Ultra Boost Trainer “Porsche Design Sport” ",$309.00
"PW Tennis HU ",$230.00
"UltraBoost “Chinese New Year 2018” ",$255.00
"UltraBoost All Terrain ",$155.00
"AM4PAR ",$305.00
"NMD_R1 ",$195.00
"NMD Hu “BBC - Heart and Mind” ",$245.00
"NMD_R1 ",$130.00
"HAVEN W ",$89.00
"NMD_R1 ",$135.00
"Stan Smith W ",$80.00
"Ace 16+ PureControl Ultra Boos ",$439.00
"Harden Vol. 3 ",$95.00
"Stan Smith J ",$89.00
"NMD_R2 PK W ",$110.00
"Ultraboost J ",$230.00
"Prophere ",$95.00
"EQT Support ADV PK ",$12,119.00
"Crazy BYW LVL 1 “Pharrell Williams” ",$195.00
"POD-S3.1 ",$89.00
"NMD_CS2 PK ",$185.00
"Superstar J ",$89.00
"Palace Camton ",$195.00
"Tubular Doom Pk ",$205.00
"Ultra Tech ",$255.00
"WM NMD R2 PK ",$40.00
"NMD_R1 ",$70.00
"Terrex Skychaser Livestock ",$40.00
"Y-3 BYW BBALL ",$465.00
"K Nemeziz 17.1 UltraBOOST “Miami Flamingos” ",$190.00
"Superstar Pharrell SUPERSH ",$105.00
"PW Human Race NMD TR ",$235.00
"NMD_CS2 PK W ",$160.00
"Superstar PK NM ",$50.00
"PW Hu NMD NERD “Homecoming” ",$1,415.00
"Falcon W ",$90.00
"NMD_XR1 PK ",$175.00
"EQT SUPPORT 93/17 ",$360.00
"UltraBOOST LTD ",$135.00
"Prophere UNDFTD “Undefeated - Camo” ",$125.00
"3ST.003 ",$89.00
"WM NMD Trail PK “White Mountaineering” ",$205.00
"Magmur Runner Naked ",$125.00
"Yeezy Boost 350 V2 Reflective “Synth - Reflective ” ",$1,440.00
"A3 Twinstrike ",$125.00
"Y-3 Saikou ",$205.00
"UltraBOOST w ",$129.00
"Palace Indoor ",$110.00
"Tubular Nova PK ",$100.00
"Stan Smith W ",$90.00
"Prophere J ",$90.00
"Tubular Radial ",$95.00
"NMD_R1 J ",$70.00
"NMD_R1 W ",$155.00
"NMD_XR1 ",$110.00
"RS Ozweego ",$305.00
"Palace Pro ",$125.00
"Tubular Doom Sock PK ",$80.00
"Samba SPZL ",$155.00
"3MC ",$69.00
"UltraBoost “Matte Black” ",$335.00
"Stan Smith x Pharrell WIlliams ",$259.00
"NMD CS2 PK UAS ",$115.00
"Ultra Boost W Naked “Wave Pack” ",$259.00
"Swift Run ",$139.00
"Ultraboost W “CLEAR ORANGE” ",$110.00
"3ST.002 PK ",$119.00
"Tubular Shadow ",$79.00
"NMD_R1 ",$155.00
"Stan Smith S.E. ",$70.00
"Palace Pro Boost ",$135.00
"NMD Hu “BBC x Pharrell - Plaid Pack - Blue” ",$410.00
"UltraBOOST Uncaged W ",$89.00
"Continental 80 “Silver Metallic” ",$69.00
"I-5923 ",$80.00
"3ST.003 ",$89.00
"UltraBoost Clima ",$170.00
"Solar HU Glide M ",$230.00
"RS Ozweego 3 “Ozweego 3” ",$360.00
"NMD_XR1 ",$110.00
"EQT Support 93/17 Yuanxiao “Yuanxiao” ",$129.00
"UltraBOOST “MYSTERY INK” ",$205.00
"3ST.004 ",$119.00
"Ultraboost LTD ",$230.00
"NMD R1 PK “Sneakersnstuff Datamosh 2.0 - Blue Night” ",$180.00
"Swift Run ",$139.00
"Falcon W ",$99.00
"Deerupt Runner ",$90.00
"EQT Support ADV PK ",$125.00
"Iniki Runner ",$89.00
"NMD_R2 PK W ",$125.00
"POD-S3.1 ",$89.00
"Lucas Premiere ",$79.00
"EQT Cushion ADV ",$99.00
"NMD_XR1 ",$230.00
"Energy Boost S.E ",$100.00
"NMD_XR1 ",$180.00
"POD-S3.1 ",$89.00
"ADIDAS I-5923 ",$105.00
"NMD_R1 PK W ",$205.00
"ZX Flux ",$70.00
"New York Arsham “ARSHAM” ",$105.00
"Tubular Runner ",$60.00
"Temper Run ",$70.00
"Stan Smith W ",$79.00
"EQT Support ADV ",$60.00
"UltraBoost Parley ",$100.00
"Samba ADV ",$89.00
"PW HU Holi Tennis Hu ",$90.00
"X_PLR ",$70.00
"NMD Racer PK ",$195.00
"PRO MODEL J ",$60.00
"PW Human Race NMD ",$510.00
"X_PLR ",$80.00
"Superstar CF I ",$40.00
"Ultra Boost LTD “Friends & Family” ",$500.00
"Americana Low “Beastie Boys” ",$619.00
"Ultraboost M ",$215.00
"UltraBoost M ",$325.00
"UltraBoost Lux “SNS X Social Status” ",$180.00
"NMD_R1 PK ",$105.00
"UltraBoost “Chinese New Year 2018” ",$255.00
"POD - S3.1 ",$129.00
"Iniki Runner W ",$70.00
"UltraBOOST w “Salmon” ",$139.00
"Alphaedge 4D ",$360.00
"Yung-96 ",$70.00
"Y-3 Pureboost ",$465.00
"I-5923 W ",$80.00
"Matchcourt Slip ",$59.00
"Tubular Doom ",$80.00
"NMD_R1 PK ",$185.00
"UltraBoost Uncaged ",$245.00
"PW Tennis HU W ",$129.00
"Superstar CF C ",$60.00
"PW Solar Hu NMD ",$505.00
"Predator Precision TR UB ",$360.00
"Boost M - W.W ",$535.00
"EQT Support ADV PK ",$12,119.00
"NMD_XR1 MMJ “Mastermind Japan” ",$619.00
"NMD Runner ",$350.00
"NMD_R2 PK ",$100.00
"NMD_C1 Porter ",$160.00
"Iniki Runner W ",$95.00
"3ST.003 ",$89.00
"Nemeziz Tango 17+ 360Agili ",$245.00
"NMD_R1 Bedwin ",$139.00
"Ultraboost M ",$269.00
"Continental 80 ",$69.00
"Temper Run St. Alfred ",$205.00
"NMD_R2 W ",$135.00
"EQT Support 93/17 ",$105.00
"Handball Top S.E. ",$90.00
"Arsham Future Runner 4D ",$1,495.00
"NMD_XR1 Winter ",$110.00
"ADIDAS EQT SUPPORT ADV ",$79.00
"EQT Support 93/17 ",$99.00
"Ultra Boost X “Parley” ",$139.00
"NMD_CS1 PK W ",$155.00
"Y-3 REN ",$465.00
"UltraBOOST ",$205.00
"Nemeziz Tango 17+ 360 Agili ",$80.00
"PW Human Race NMD TR “Sun Glow” ",$299.00
"Prophere ",$125.00
"Alphabounce EM M ",$60.00
"X_PLR ",$89.00
"Yung 1 “Dragon Ball Z - Frieza” ",$200.00
"UltraBOOST W ",$155.00
"NMD_R1 PK “Gum Pack” ",$155.00
"EQT SUPPORT ULTRA PK ",$129.00
"JS Bear ",$670.00
"Temper Run St. Alfred ",$205.00
"3ST.003 ",$89.00
"Ultra boost “Night's Watch” ",$125.00
"NMD_XR1 ",$220.00
"I-5923 ",$119.00
"Stan Smith J ",$40.00
"NMD_XR1 PK ",$155.00
"UltraBoost w ",$229.00
"NMD_R1 W ",$119.00
"X_PLR ",$70.00
"Iniki Runner ",$80.00
"PW Tennis HU C ",$25.00
"Continental 80 ",$60.00
"UltraBoost Uncaged M ",$175.00
"NMD_R1 ",$139.00
"NMD_XR1 ",$155.00
"Y-3 Qasa High ",$285.00
"RS Ozweego ",$360.00
"NMD_R1 J ",$155.00
"UltraBoost Parley LTD J ",$110.00
"Cleats Bape “A Bathing Ape” ",$429.00
"NMD R1 “Camo Clear Brown” ",$110.00
"Alphabounce 1 Kolor ",$99.00
"NMD_R1 W ",$205.00
"NMD_R1 PK ",$220.00
"NMD_R1 ",$139.00
"NMD_XR1 ",$230.00
"N-5923 ",$80.00
"Matchcourt Slip ",$59.00
"PW Tennis HU I ",$79.00
"Kamanda 01 NBHD “Neighborhood” ",$155.00
"Ultra Boost LTD ",$670.00
"NMD_R1 PK ",$170.00
"NMD TS1 “Mita” ",$155.00
"Y-3s Approach Reflect ",$370.00
"Superstar ",$80.00
"Nmd_R1 J ",$205.00
"PW Tennis Hu C ",$45.00
"Yeezy Boost 350 V2 Infants “Black” ",$279.00
"Continental 80 W ",$50.00
"NMD_Racer PK ",$125.00
"NMD_R1 J ",$155.00
"UltraBOOST “Orca” ",$155.00
"Temper Run ",$70.00
"Yeezy Boost 350 V2 GID Kids “Glow in the Dark” ",$460.00
"Samba OG FT ",$59.00
"NMD_CS1 PK ",$155.00
"NMD_R2 ",$129.00
"Iniki Runner W ",$70.00
"NMD_R2 S.E. ",$165.00
"PureBOOST All Terrain ",$105.00
"Superstar 1 Express ",$695.00
"Pro Model J ",$59.00
"Tubular Radial PK ",$80.00
"ultraBOOST j ",$225.00
"Superstar 1 Express “Captain Tsubasa” ",$515.00
"NMD_XR1 PK ",$305.00
"Deerupt Runner ",$90.00
"Torsion Integral S - DU/UO “SNEAKER FREAKER” ",$220.00
"Wmns EQT Support ADV Primeknit ",$119.00
"Yung-96 ",$70.00
"Y-3 Kasabaru ",$465.00
"AW Run ",$259.00
"NMD_R2 W ",$190.00
"PW Human Race NMD TR ",$385.00
"Ultraboost M “Miami Hurricanes” ",$3,709.00
"UltraBOOST X All Terrain W ",$80.00
"I-5923 Pride ",$125.00
"NMD R1 PK “Sneakersnstuff Datamosh 2.0 - Blue Night” ",$180.00
"UltraBOOST Uncaged ",$139.00
"NMD R1 “Triple Black Reflective” ",$259.00
"Equipment Running Support ",$205.00
"Tubular Runner ",$40.00
"NMD_TS1 PK GTX ",$205.00
"Matchcourt Slip ",$59.00
"I-5923 ",$80.00
"Tubular Invader Strap W ",$59.00
"Alphabounce EM ",$105.00
"Yung-96 ",$100.00
"Ultra Boost Mid Kith “Aspen” ",$255.00
"N-5923 ",$80.00
"Matchcourt Slip ",$59.00
"PW Tennis HU I ",$79.00
"Kamanda 01 NBHD “Neighborhood” ",$155.00
"Deerupt Runner ",$50.00
"Y-3s Approach Reflect ",$370.00
"NMD_R1 PK ",$220.00
"NMD_R1 ",$139.00
"ZX 5000 - UNDFTDxMHI “Maharishi” ",$285.00
"NMD_R1 W PK ",$80.00
"Superstar 80s My Adidas “Jam Master Jay” ",$749.00
"NMD Runner PK “OREO” ",$329.00
"Busenitz “Cloud White” ",$90.00
"EQT Support 91/18 “Beige” ",$110.00
"Gazelle “Ash Pearl” ",$60.00
"Rivalry RM EE “Eric Emanuel” ",$115.00
"NMD_R1 ",$185.00
"Equipment Running Guidance “King Push” ",$295.00
"UltraBOOST Uncaged ",$215.00
"Tubular Doom PK ",$145.00
"NMD Hu “BBC x Pharrell - Plaid Pack - Green” ",$339.00
"OG Superstar Plat ",$259.00
"Busenitz ",$89.00
"NMD_R1 J ",$190.00
"NMD_R1 PK ",$185.00
"UltraBOOST W ",$259.00
"NMD_R2 S.E. ",$165.00
"PureBOOST All Terrain ",$105.00
"Superstar 1 Express ",$695.00
"Pro Model J ",$59.00
"Tubular Radial PK ",$80.00
"Ultraboost J ",$180.00
"NMD_XR1 PK ",$305.00
"NMD_R2 ",$129.00
"Iniki Runner W ",$70.00
"Solar Hu Glide M CNY ",$110.00
"Sambarose W ",$79.00
"3ST.004 “Miles Silvas” ",$125.00
"Superstar 80s ",$70.00
"NMD_R1 J ",$135.00
"Ultra Boost LTD ",$670.00
"PW Human Race NMD TR ",$385.00
"Ultraboost M “Miami Hurricanes” ",$3,709.00
"UltraBOOST X All Terrain W ",$80.00
"I-5923 Pride ",$125.00
"NMD R1 PK “Sneakersnstuff Datamosh 2.0 - Blue Night” ",$180.00
"NMD R1 PK ",$89.00
"Tubular Runner ",$40.00
"AW Run ",$259.00
"NMD_R2 W ",$190.00
"Yung-96 ",$70.00
"Lucas Premiere ",$79.00
"NMD_CS1 PK W ","Notify Me"
"NMD R1 PK ",$170.00
"Falcon W ",$79.00
"PW Human Race NMD TR ",$340.00
"Tubular Dawn W ",$79.00
"Swift Run ",$139.00
"PW Tennis HU C ",$25.00
"PureBOOST X ",$129.00
"EQT SUPPORT MID ADV PK ",$175.00
"Springblade Drive W ",$185.00
"Ultra Boost Mid Kith “Aspen” ",$255.00
"UltraBoost “Matte Black” ",$335.00
"ZX Flux “Ocean” ",$155.00
"EQT Support Ultra MMW ",$95.00
"Y-3 Pureboost ",$355.00
"Samoa ",$39.00
"Arkyn Naked ",$80.00
"I-5923 ",$80.00
"MicropacerxR1 “Never Made Pack” ",$95.00
"BW Campus 80s ",$155.00
"UltraBoost Uncaged LTD ",$185.00
"Tubular Runner ",$70.00
"NMD_XR1 PK ",$170.00
"Pro Model “Big Sean” ",$205.00
"Busenitz “Scarlet Black” ",$95.00
"Country x Kamanda ",$95.00
"Continental 80 “ARIZONA GREEN TEA” ",$350.00
"Nizza Hi RFS Customized ",$105.00
"NMD_R1 Womens ",$230.00
"Equipment RNG Guidance 93 ",$100.00
"ultraBOOST j ",$225.00
"Harden Vol.1 ",$205.00
"Missoni x UltraBoost Clima ",$165.00
"Stan Smith PK J ",$50.00
"Y-3 REBERU ",$410.00
"NMD_R1 ",$309.00
"NMD_R1 PK ",$259.00
"UltraBOOST Uncaged ",$139.00
"NMD_R1 PK ","Notify Me"
"Crazy Team K ",$30.00
"AM4NYC “Tech Ink” ",$305.00
"UltraBOOST Uncaged ",$145.00
"Consortium 4D Runner “Friends and Family” ",$2,060.00
"Stan Smith J ",$59.00
"Iniki Runner ",$100.00
"NMD_R1 J ",$155.00
"NMD_R1 W PK ",$255.00
"Tubular Shadow J ",$110.00
"RS Detroit Runner ",$205.00
"NMD_R2 PK W ",$119.00
"NMD R1 “Camo Clear Brown” ",$110.00
"UltraBOOST w ",$165.00
"EQT SUPPORT ULTRA PK ",$129.00
"NMD_R2 W ",$155.00
"UltraBOOST Uncaged LTD ",$169.00
"UltraBOOST ",$230.00
"EQT Support Ultra ",$95.00
"NMD_C1 TR ",$180.00
"AM4LA Adicon ",$279.00
"NMD_Racer PK ",$145.00
"Energy Boost 3 W ",$129.00
"NMD_XR1 ",$145.00
"Crazy 8 ADV Nicekicks ",$100.00
"Tubular Doom ",$155.00
"EQTN “Freshness Mag” ",$105.00
"Tubular Invader Strap ",$129.00
"Superstar ",$145.00
"Samba Decon Barneys ",$145.00
"NMD_CS2 PK W ",$125.00
"NMD_R1 J ",$70.00
"Iniki Runner ",$205.00
"Superstar W ",$89.00
"Predator Tango 18+ TR ",$129.00
"Iniki Runner W ",$129.00
"UltraBoost J ",$109.00
"Prophere ",$125.00
"NMD_R1 Bedwin ",$165.00
"Sl Loop Moc ",$155.00
"Deerupt Runner ",$50.00
"Samoa Vintage ",$90.00
"Campus SE SlamJam “Sneaker Exchange” ",$80.00
"ZX 8000 BOOST ",$70.00
"EQT Bask ADV ",$80.00
"Pro Model ",$80.00
"Tubular Runner ",$69.00
"RapidaRun Laceless KNIT J ",$100.00
"FLB W ",$79.00
"Climacool 02/17 ",$90.00
"EQT SUPPORT MID ADV PK ",$175.00
"Matchcourt MID S.E ",$110.00
"Harden Vol. 1 J ",$90.00
"Tubular Shadow W ",$90.00
"Stan Smith W ",$80.00
"Superstar W ",$125.00
"Campus ",$80.00
"Iniki Runner ",$95.00
"SL Loop CT ",$70.00
"Stan Smith ",$79.00
"PW Tennis HU C ",$25.00
"NMD_CS2 PK W ",$110.00
"Stan Smith PK J ",$50.00
"Prophere J ",$90.00
"Tubular Radial ",$60.00
"3MC ",$65.00
"PW Tennis HU ",$79.00
"PureBoost DPR ",$100.00
"NMD_R1 Womens ",$230.00
"NMD_XR1 PK ",$285.00
"Pro Model ",$60.00
"UltraBoost ",$185.00
"NMD_R1 ",$309.00
"NMD_CS1 PK ",$230.00
"NMD_R1 Womens ",$205.00
"X_PLR C ",$35.00
"NMD_R1 “Villa Exclusive” ",$309.00
"NMD_R1 ",$190.00
"UltraBOOST m ",$230.00
"UltraBOOST J ",$205.00
"NMD_CS1 PK ",$245.00
"Pharrell Williams Tennis HU J ",$50.00
"Tubular Runner ",$70.00
"NMD_R1 J ",$230.00
"NMD_R1 ",$185.00
"NMD_R2 Womens ",$99.00
"NMD_R1 W ",$205.00
"Superstar 80s PK ",$60.00
"NMD_XR1 PK W ",$145.00
"EQT Support ADV ",$89.00
"NMD_R1 ",$239.00
"Tubular Runner W ","Notify Me"
"NMD_R1 ",$200.00
"ZX Flux “Extra Butter” ",$99.00
"NMD_CS2 PK ",$185.00
"NMD_R1 ",$125.00
"EQT Support ADV ",$89.00
"AW Run ",$309.00
"Iniki Runner Womens ",$125.00
"PureBOOST ",$180.00
"Superstar J ",$89.00
"PW Tennis Hu C ",$45.00
"NMD_XR1 ",$155.00
"ADO UltraBoost “Day One” ",$279.00
"NMD_R2 PK ",$175.00
"NMD_XR1 ",$205.00
"Marathonx5923 “Never Made Pack” ",$119.00
"NMD_R1 W ",$309.00
"NMD_XR1 PK ",$230.00
"UltraBOOST ATR m ",$239.00
"Ultra Boost M ",$465.00
"UltraBOOST Uncaged M ",$240.00
"NMD_R1 ",$155.00
"NMD_R1 ",$190.00
"UltraBOOST w ",$309.00
"NMD_R2 ",$335.00
"UltraBOOST X ",$160.00
"NMD_R1 J ",$135.00
"NMD_R2 PK W ",$110.00
"Prophere ",$79.00
"WM NMD Trail PK “White Mountaineering” ",$285.00
"UltraBOOST m ",$255.00
"AW BBall ",$349.00
"Adizero LTD ",$129.00
"PureBoost S.E “Sneaker Exchange” ",$259.00
"Tubular Doom Pk ",$205.00
"NMD_R1 W ",$259.00
"NMD R1 PK “Olive Camo” ",$185.00
"NMD_R2 W ",$190.00
"NMD_R1 W “Peach Pink” ",$285.00
"PDS Ultra Boost TRA ",$515.00
"Tubular Nova PK ",$100.00
"EQT RNG Support 93 ",$205.00
"NMD_R1 ",$175.00
"Y-3 Pureboost “Y-3” ",$435.00
"UltraBoost Uncaged w ",$125.00
"Swift Run PK ",$109.00
"Swift Run PK ",$109.00
"NMD_R1 ",$205.00
"SL Loop Runner TR “Reptile Red” ",$200.00
"NMD R2 ",$105.00
"Ace 16+ Purecontrol Ultra BOOS ",$265.00
"NMD_R1 ",$145.00
"NMD Runner W “Lush Red” ",$305.00
"UltraBOOST Uncaged w ",$105.00
"Tubular Radial ",$50.00
"Campus ",$80.00
"Iniki Runner W ",$129.00
"NMD R1 ",$205.00
"EQT Support ADV ",$100.00
"Ultra Boost ST LTD ",$205.00
"Crazy 8 ADV PK ",$80.00
"NMD_XR1 PK W ",$249.00
"NMD Runner Womens ",$165.00
"Micropacer - UNDFTF x NBHD “UNDFTD x NBHD” ",$259.00
"Iniki Runner W ",$125.00
"NMD R1 PK ",$360.00
"Futurecraft 4D ",$1,235.00
"Superstar Foundation J ",$60.00
"Y-3 Qasa High ",$269.00
"Stan Smith ",$125.00
"NMD_C1 END “END” ",$155.00
"Crazy Explosive TD ",$50.00
"ARKYN W ",$90.00
"Equipment Support 93/16 CN ",$170.00
"UltraBOOST KOLOR “Kolor” ",$825.00
"Prophere ",$89.00
"Adidas Arkyn W ",$90.00
"Ultra Boost LTD ",$335.00
"Climacool 02/17 ",$90.00
"Tubular Doom PK ",$105.00
"AW Turnout Trainer ",$165.00
"UltraBOOST LTD ",$269.00
"UltraBoost w ",$169.00
"UltraBOOST W ",$195.00
"Palace Pro Boost “palace” ",$110.00
"ADO Terrex Agravic ",$129.00
"UltraBOOST Uncaged ",$215.00
"Pharrell Williams Human Race NMD “Friends and Family” ",$3,090.00
"NMD_R1 PK NYC “Red Apple” ",$1,289.00
"UltraBOOST Uncaged M ",$259.00
"Futurepacer ",$125.00
"Ultra Boost LTD “Burgundy” ",$2,060.00
"NMD Runner ",$205.00
"NMD_R1 PK “Nice Kicks” ",$1,029.00
"Superstar Boost S.E. ",$160.00
"Pharrell Williams Tennis HU ",$205.00
"Superstar EL I ",$40.00
"Tubular Doom Sock PK W ",$80.00
"Ultra Boost M ",$309.00
"ZX Flux ",$79.00
"NMD_C1 ",$155.00
"Equipment Running Guidance “King Push” ",$295.00
"Stan Smith “Wunderkind” ",$115.00
"ClimaCool 1 S.E “Sneaker Exchange” ",$100.00
"ZX Flux ",$145.00
"Superstar ",$80.00
"CF Ilation Mid ",$165.00
"UltraBOOST M “UCLA Bruins” ",$135.00
"Y-3 Qasa High ",$285.00
"Ultra Boost W ",$285.00
"AW BBall LO ",$110.00
"A16+ UltraBOost ",$205.00
"Attitude Hi “Big Sean” ",$259.00
"ZX Flux W ",$259.00
"Adilette ",$45.00
"NMD Runner W “Core Black” ",$289.00
"NMD_XR1 ",$170.00
"Ultra Boost LTD. ",$515.00
"NMD_R2 ",$129.00
"RS Replicant Ozweego ",$269.00
"NMD_R1 PK ","Notify Me"
"Prophere J ",$90.00
"Superstar 80s My Adidas “Jam Master Jay” ",$749.00
"Swift Run ",$79.00
"NMD_R1 ",$129.00
"UltraBOOST m “Texas A&M Aggies” ",$410.00
"Tubular X PK ",$149.00
"Y-3 Qasa High ",$285.00
"Equipment Running Cushion “Foot Patrol” ",$259.00
"Superstar Snack Pack ",$79.00
"Superstar 80s DLX ",$80.00
"Tubular Runner ",$80.00
"DAME4 Bape “Red Shark ABC Camo” ",$670.00
"Ultra Boost KOLOR ",$1,129.00
"Ultra Boost Uncaged Hypebe “Uncaged” ",$925.00
"CRAZY BYW x BOOST ",$195.00
"Deerupt Runner “Dragon Ball Z - Gohan” ",$285.00
"Palace Pro 2 ",$165.00
"Tubular Nova PK ",$60.00
"Busenitz ",$80.00
"NMD Pitch Black ",$3,605.00
"Mi Adidas Ultra Boost ",$285.00
"Ultra Boost Ltd ",$469.00
"W EQT ADV/91-17 ",$90.00
"RS Replicant Ozweego ",$255.00
"Superstar 80's CNY ",$205.00
"WH CAMPUS ",$100.00
"PDS Ultra Boost Trainer “Porsche Design Sport” ",$309.00
"NMD_R1 W ",$145.00
"K Nemeziz 17+ UltraBOOST “LA Rays” ",$229.00
"Adistar Comp ADV ",$139.00
"Raf Simons Stan Smith ",$180.00
"Equipment Support 93/16 CN “CNCPTS” ",$239.00
"ZX 5000 - UNDFTDxMHI “Maharishi” ",$285.00
"Superstar 80v “Undefeated x BAPE” ",$360.00
"Crazy BYW Pharrell Williams “Ambition” ",$1,030.00
"NMD Runner Pk “Key City” ",$1,289.00
"WH Campus ",$80.00
"Pharrell Williams Tennis HU J ",$70.00
"Ultra Boost M “Solar Yellow” ",$409.00
"AW Reissue Run ",$410.00
"UltraBoost w ",$229.00
"PureBOOST ",$205.00
"ZX 5000 - UNDFTDXBAPE “Undefeated x BAPE” ",$1,090.00
"Adilette ",$20.00
"EQT 1/3 F15 AthL ",$309.00
"Tubular Runner Prime Knit ",$59.00
"Ultra Boost LTD ",$670.00
"Pharrell Williams Stan Smith TNS “Pharrell Williams” ",$180.00
"Springblade Drive W ",$185.00
"PW Tennis HU I ",$79.00
"Superstar ",$80.00
"Y-3s Approach Reflect ",$370.00
"Ultra Boost Womens “Flash Orange” ",$309.00
"Alphabounce Reigning Champ ",$180.00
"Tubular Shadow ",$100.00
"Pro Model “Big Sean” ",$205.00
"Pro Model - Promo “Big Sean” ",$979.00
"Tubular Shadow C ",$95.00
"Tubular Runner ",$115.00
"AlphaBounce LEA ",$190.00
"EQT Support ADV ",$129.00
"Superstar CF C ",$50.00
"Tubular Runner ",$99.00
"Tubular Runner ",$70.00
"Consortium 4D Runner “Friends and Family” ",$2,060.00
"Superstar 1 Express “Captain Tsubasa” ",$515.00
"Ultraboost M “Miami Hurricanes” ",$3,709.00
"Futurecraft 4D “Invincible” ",$2,835.00
"NMD_R1 PK “FRIENDS AND FAMILY” ",$3,860.00
"Ashington ",$259.00
"NMD Racer Juice ",$465.00
"Superstar 2 City “Tokyo” ",$255.00
"Y-3 Pureboost ",$355.00
"NMD R1 ",$220.00
"Twinstrike ADV Kith ",$399.00
"Adicolor Low G1 “THE HIDEOUT” ",$200.00
"Superstar 1 (MUSIC) “Bad Boy” ",$695.00
"WM NMD Trail PK ",$230.00
"NMD_R1 ",$249.00
"UltraBOOST ",$385.00
"Superstar 1 Express “Andy Warhol” ",$695.00
"Pureboost x TRN RChamp “Reiging Champ” ",$180.00
"RAF Simons Adilette Bunny ",$70.00
"Magmur Runner Naked ",$125.00
"Superstar 80s PK ",$105.00
"NMD_R1 ",$155.00
"ZX 7000 - Blvck Scvle ",$309.00
"ZX Flux ",$99.00
"Superstar J ",$100.00
"Equipment Running Support ",$205.00
"Adizero Prime LTD ",$259.00
"NMD_R1 ",$155.00
"Attitude Hi ",$125.00
"BW Campus 80s ",$155.00
"Alphabounce EM M ",$60.00
"Tubular Doom PK ",$145.00
"Superstar Foundation ",$79.00
"Gazelle ",$60.00
"Tubular Nova PK ",$100.00
"Pro Model J ",$59.00
"Stan Smith W ",$79.00
"Stan Smith ",$515.00
"Crazylight Boost 2.5 Low ",$205.00
"PW Tennis HU C ",$25.00
"Tubular Doom PK ",$145.00
"EQT Support ADV Winter ",$135.00
"ZX Flux ",$80.00
"I-5923 ",$80.00
"Continental 80 I ",$50.00
"3MC ",$65.00
"Tubular Runner CNY ",$100.00
"Y-3 Reberu ",$410.00
"98xCRAZYBYW ",$139.00
"ZX Flux ",$70.00
"Y-3 Kaiwa ",$410.00
"Y-3 REBERU ",$410.00
"Busenitz Pure Boost ",$80.00
"Nizza Hi RFS Customized ",$105.00
"RS Replicant Ozweego Limit ",$695.00
"Skateboarding Matchcourt Slip ",$60.00
"Continental 80 W ",$60.00
"Y-3 REN ",$465.00
"ZX FLUX PK ",$119.00
"3ST.004 “Miles Silvas” ",$125.00
"Y-3 HAYWORTH ",$309.00
"Y-3 BYW BBALL ",$465.00
"Stan Smith W ",$50.00
"LXCon “Black Market” ",$190.00
"Crazy Explosives 2017 PK “KRISTAPS PORZINGIS” ",$410.00
"Adidas Superstar J ",$60.00
"ZX 8000 “Darth Vader” ",$410.00
"Tubular Runner ",$99.00
"EQT Support Adv ","Notify Me"
"Ultra Boost AKOG “A KIND OF GUISE” ",$825.00
"AW Wangbody Run “Alexander Wang” ",$170.00
"Century LO G 3 W “Emilio Pucci” ",$240.00
"Yung 1 ",$155.00
"Predator Tango 18.1 TR ",$119.00
"Raf Simons Detroit High ",$515.00
"AW Futureshell “Alexander Wang” ",$205.00
"Yung-96 ",$70.00
"Consortium Runner FP 4D ",$1,235.00
"Yung-96 ",$90.00
"ZX 10","000 C ",$230.00
"Solar HU Glide M “Friends and Family” ",$2,059.00
"Superstar Vulc Adv ",$170.00
"UltraBoost All Terrain LTD ",$285.00
"Alphabounce 1 Kolor ",$99.00
"SUPERSTAR J ",$105.00
"Superstar C ",$40.00
"NMD_CS1 PK W ",$155.00
"Yung 96 J ",$79.00
"Continental 80 J ",$45.00
"Y-3 Suberou ",$175.00
"Stan Smith J ",$55.00
"NMD R1 ",$155.00
"Stan Smith ",$99.00
"Sobakov J ",$90.00
"EQT Support ADV “Art Basel” ",$305.00
"Superstar 1 (MUSIC) “Roc-A-Fella Records” ",$515.00
"Forum HI OG ",$170.00
"NMD R1 ",$175.00
"Deerupt Runner ",$110.00
"Jabbar HI “K. Abdul Jabbar” ",$180.00
"EQT 2/3 F15 Athleisure ",$155.00
"Promodel Metal Toe W ",$50.00
"UltraBOOST Uncaged ",$200.00
"Raf Simons Stan Smith Aged ",$309.00
"Y-3 Kasabaru ",$465.00
"Ozweego J ",$205.00
"Superstar Slipon W ",$205.00
"Forum Mid Crazylight ",$129.00
"Ozweego J ",$205.00
"Y-3 REBERU ",$410.00
"Continental 80 J ",$60.00
"NMD_R1 ",$259.00
"Torsion Integral S - DU/UO “SNEAKER FREAKER” ",$220.00
"Tubular Doom PK ",$50.00
"Superstar Consortium ",$695.00
"OC Stan Smith “Opening Ceremony (Sample)” ",$259.00
"ZX 8000 BOOST ",$70.00
"Tubular Radial ",$95.00
"Crazy 8 PK Pack ",$510.00
"Superstar 1 (Music) ",$695.00
"I-5923 W ",$99.00
"NMD R1 PK ",$170.00
"Alphabounce EM M ",$79.00
"UltraBoost X ",$360.00
"Rod Laver DQM ",$259.00
"Ozweego Replicant “Raf Simons” ",$285.00
"Superstar 1 Express ",$695.00
"Crazylight Boost Low 2016 ",$135.00
"UltraBOOST X ",$465.00
"Nemeziz Tango 18.1 TR ",$105.00
"NMD_CS1 PK ",$155.00
"Superstar C ",$45.00
"Superstar 80s ",$70.00
"Forum Mid (VIBE) “VIBE MAGAZINE 15TH ANNIVERSARY” ",$230.00
"ADIDAS EQT SUPPORT ADV ",$79.00
"PW Hu Holi Stan Smith ",$79.00
"UltraBOOST Laceless W ",$139.00
"ZX Flux ",$70.00
"Micropacer 1984 ",$309.00
"Yung-96 ",$100.00
"Yung-96 ",$100.00
"Ultraboost J ",$180.00
"ZX Flux W ",$89.00
"AM4PAR ",$129.00
"Adidas Micropacer “Star Wars” ",$900.00
"NMD_R1 PK ",$175.00
"Adidas Racing 1 Prototype ",$205.00
"Stan Smith CF C ",$59.00
"EQT Running Cushion ",$230.00
"Equipment Running Support ",$205.00
"Adizero Crazy Light 2 J ",$70.00
"Stan Smith - NBHD ",$205.00
"Raf Simons Detroit Runner High ",$340.00
"Micropacer OG ",$125.00
"UAS Rivalry LO ",$515.00
"POD-S3.1 ",$105.00
"Stan Smith J ",$40.00
"Alpha Bounce 1W ",$110.00
"NMD_TS1 PK GTX ",$205.00
"AM4PAR ",$305.00
"Adidas Superstar ",$155.00
"Continental 80 ",$60.00
"Ultra Boost LTD “Glow in the Dark” ",$185.00
"JS Eagle Wing ",$775.00
"NMD_R2 ",$149.00
"Y-3 Noci High ",$360.00
"Ultra Boost ST M ",$230.00
"UltraBoost 19 “Triple White” ",$205.00
"Y-3 Saikou ",$205.00
"Yung 96 ",$95.00
"Ace 16+ PureControl Ultra Boos ",$439.00
"Continental Vulc J “Arizona Ice Tea” ",$165.00
"Superstar 1 Express ",$695.00
"NMD_R1 ",$220.00
"NMD R1 Trail W ",$105.00
"Y-3 BBall MID ",$619.00
"Superskate MID ",$259.00
"FutureCraft.Loop “White” ",$770.00
"CAMPUS ",$95.00
"NMD_R1 J ",$90.00
"Nemeziz Tango 17.1 TR ",$180.00
"GR Ace 16+ TR ",$205.00
"Gazelle ",$129.00
"X_PLR ",$129.00
"Ecstasy “Missy Elliot” ",$259.00
"HS ZX 500 RM MT “Hender Scheme” ",$319.00
"A3 Twinstrike ",$125.00
"Alphabounce EM ",$105.00
"Alphabounce 1 Kolor M ",$205.00
"Yung-1 ",$360.00
"I-5923 ",$119.00
"Adidas SC “KITH” ",$229.00
"Crazy BYW LVL X PW “Gratitude + Empathy - Family and Friends” ",$309.00
"Tubular Radial ",$80.00
"Tubular Nova PK ",$90.00
"Alphabounce Em WC ",$100.00
"Harden Vol.3 “Imma Star” ",$105.00
"Stan Smith J ",$89.00
"Metro Attitude ",$170.00
"ZX 4000 4D “I Want I Can” ",$439.00
"OG Superstar Plat ",$259.00
"Pureboost X ",$129.00
"Handball Top ",$110.00
"Ultraboost 1.0 ",$230.00
"Y-3 Tangutsu “Harden Floral” ",$185.00
"Stan Smith ",$90.00
"Alphabounce Instinct CC M ",$135.00
"Yung-96 ",$100.00
"Yung-96 ",$100.00
"Ultraboost J ",$180.00
"Ultra Boost M ",$240.00
"Ultraboost J ",$145.00
"Ultraboost M RChamp “Reigning Champ” ",$285.00
"UltraBoost ",$205.00
"UltraBoost Uncaged ",$205.00
"UltraBOOST LTD “3.0” ",$205.00
"UltraBOOST LTD “MULTICOLOR” ",$229.00
"UltraBoost Uncaged ",$135.00
"NMD_R1 PK “Camo Pack” ",$359.00
"NMD_R1 ",$139.00
"NMD_XR1 ",$145.00
"NMD_R1 ",$165.00
"NMD_R2 PK W ",$110.00
"NMD_XR1 ",$110.00
"Tubular Runner ",$70.00
"Tubular Doom ",$135.00
"Equipment Running Guidance “Pusha T - Black Market” ",$90.00
"Equipment Support Ultra ",$80.00
"EQT Support 93/17 ",$95.00
"Stan Smith J ",$45.00
"ZX Flux “Ocean” ",$155.00
"ZX 8000 Boost ",$125.00
"Tubular Invader Strap ",$240.00
"Ace 16+ Purecontrol ULTRAB ",$355.00
"Haven S.E. ",$125.00
"Twinstrike A/ /D ",$125.00
"Crazy 1 A/ /D ",$70.00
"DAME4 BAPE “Green Shark ABC Camo” ",$435.00
"Equipment Running Support “Oddity Luxe” ",$135.00
"Equipment Support ADV ",$325.00
"UltraBoost Uncaged LTD ",$185.00
"UltraBoost LTD ",$220.00
"NMD_R1 ",$229.00
"Samba SPZL ",$155.00
"NMD_XR1 PK ",$155.00
"NMD_XR1 PK W ",$110.00
"NMD_R1 ",$175.00
"UltraBoost ",$195.00
"FutureCraft 4D “Friends & Family” ",$2,319.00
"NMD_R2 PK ",$139.00
"NMD_R1 PK “DATAMOSH” ",$205.00
"Superstar 80s ",$70.00
"NMD_R2 ",$80.00
"NMD_R2 ",$115.00
"EQT Cushion ADV ",$110.00
"Superstar Pharrell SUPERSH ",$99.00
"PW Tennis HU ",$215.00
"UltraBOOST ",$155.00
"Adilette ",$45.00
"NMD_R1 W ",$119.00
"UltraBOOST All Terrain ",$135.00
"NMD_R1 W PK ",$165.00
"NMD_CS1 GTX PK ",$129.00
"UltraBoost ",$195.00
"Alphabounce 1 Reigning Champ ",$80.00
"EQT Support RF PK ",$90.00
"Ultra Boost ",$195.00
"UltraBOOST W ",$139.00
"Stan Smith W ",$90.00
"N-5923 ",$80.00
"EQT Support 93/17 ",$109.00
"EQT Cushion ADV ",$119.00
"NMD_CS2 PK W ",$160.00
"Ultraboost All Terrain ",$165.00
"NMD_R2 ",$155.00
"PureBOOST X All Terrain ",$70.00
"Crazy Team K ",$30.00
"NMD_C2 ",$145.00
"UltraBoost All Terrain ",$155.00
"NMD_R1 ",$80.00
"EQT Support 93/17 ",$155.00
"3ST.002 PK ",$99.00
"New York Present Arsham ",$105.00
"Swift Run ",$139.00
"Superstar Vulc X Krooked ",$129.00
"X_PLR ",$80.00
"EQT Support RF ",$80.00
"Tubular Nova PK ",$80.00
"UltraBOOST X All Terrain W ",$80.00
"X_PLR ",$115.00
"Futurecraft 4D ",$809.00
"Tubular Shadow CK ",$45.00
"Adilette W ",$30.00
"NMD R2 UAS ",$70.00
"Ultraboost Clima ",$110.00
"PW Hu NMD NERD “Homecoming” ",$1,415.00
"A16+ UltraBOOST KITH “Golden Goal” ",$245.00
"SUPERSTAR FOUNDATION J ",$60.00
"NMD_R1 ",$100.00
"Superstar OG ",$70.00
"Deerupt Runner ",$60.00
"PROPHERE ",$79.00
"Falcon W ",$90.00
"Stan Smith Juice “World Tour” ",$165.00
"Falcon Workshop ",$100.00
"Boston Super xR1 “Boston” ",$70.00
"UltraBOOST LTD ",$135.00
"BBC HU V2 ",$230.00
"NMD_R1 STLT PK W ",$95.00
"I-5923 ",$95.00
"Harden Vol. 1 PK ",$180.00
"Alphabounce RC 2 M ",$69.00
"Nmd_R1 J ",$205.00
"I-5923 ",$89.00
"Rivalry “Eric Emanuel” ",$155.00
"Energy Boost “Concepts - Shiatsu” ",$99.00
"Matchcourt Slip ",$70.00
"NMD_R1 W ",$250.00
"EQT Support 93/17 ",$99.00
"Tubular Runner ",$100.00
"Busenitz “Cloud White” ",$90.00
"NMD R1 “Green Camo - Printed Boost” ",$155.00
"NMD_R1 ",$80.00
"Campus ",$60.00
"NMD_R1 PK ",$155.00
"Ultra Boost x GOT “Game of Thrones House Stark” ",$309.00
"PW Tennis HU ",$79.00
"Lacombe “Donald Glover” ",$125.00
"UltraBOOST Clima J ",$125.00
"Solar Hu Glide “Human Made” ",$439.00
"Wmns Falcon ",$100.00
"Yung-1 “Ice Mint” ",$90.00
"Adi-Ease ",$79.00
"Tubular Invader Strap W ",$59.00
"Tubular Invader Strap W ",$50.00
"I-5923 ",$119.00
"Campus ADV ",$80.00
"NMD R1 “Dust Purple” ",$205.00
"Adi-Ease Premiere “Ash Green” ",$50.00
"Sobakov ",$79.00
"Gazelle “Ash Pearl” ",$60.00
"Pro Model ",$80.00
"Yung-96 ",$80.00
"Continental 80 W ",$50.00
"NMD_R1 J ",$89.00
"NMD_R1 J ",$80.00
"Tubular Radial ",$100.00
"Nizza Pride ",$110.00
"Gazelle W ",$60.00
"Stan Smith ",$90.00
"Stan Smith ",$90.00
"Stan Smith ",$90.00
"Gazelle ",$80.00
"Sobakov J ",$89.00
"UltraBoost J ",$90.00
"UltraBOOST x UW “Washington Huskies” ",$385.00
"NMD_Racer PK ",$205.00
"Harden B/E 2 ",$80.00
"Sobakov J ",$89.00
"3ST.001 ",$95.00
"Busenitz ",$45.00
"NMD_R1 W ",$259.00
"NMD_CS1 PK W ","Notify Me"
